<?xml version="1.0" encoding="UTF-8"?>
<project name="timingframework-swt" default="build-release-swt" basedir="..">

	<import file="${basedir}${file.separator}timingframework-core${file.separator}build-release.xml" />

	<property name="swt" location="${basedir}${fs}timingframework-swt" />
	<property name="swt-src" location="${swt}${fs}src" />
	<property name="swt-lib" location="${swt}${fs}lib" />
	<property name="swt-release" location="${swt}${fs}release" />
	<property name="swt-release-work" location="${swt-release}${fs}timingframework-swt-${release-version}" />
	<property name="swt-jar" value="timingframework-swt-${release-version}.jar" />
	<property name="swt-demos-jar" value="timingframework-swt-demos-${release-version}.jar" />

	<property name="org.eclipse.swt-jar" location="org.eclipse.swt${fs}swt.jar" />

	<target name="build-release-swt">
		<delete quiet="true" includeemptydirs="true">
			<fileset dir="${swt-release}" includes="*/**" defaultexcludes="no" />
		</delete>
		<echo message="${swt-release} deleted..." />

		<mkdir dir="${swt-release}" />
		<mkdir dir="${swt-release-work}" />
		<mkdir dir="${swt-release-work}${fs}lib" />

		<copy file="${core-lib}${fs}LICENSE.txt" todir="${swt-release-work}" />
		<copy file="${core-lib}${fs}NOTES.txt" todir="${swt-release-work}" />

		<copy todir="${swt-release-work}${fs}src">
			<fileset dir="${promises-src}" />
			<fileset dir="${core-src-main-java}" />
			<fileset dir="${core-src-main-resources}" />
			<fileset dir="${core-src-test-java}" includes="**/demos/**" />
			<fileset dir="${core-src-test-resources}" />
			<fileset dir="${swt-src}" />
		</copy>

		<mkdir dir="${swt-release-work}${fs}bin" />
		<javac srcdir="${swt-release-work}${fs}src" destdir="${swt-release-work}${fs}bin" classpath="${org.eclipse.swt-jar}" debug="on" source="1.7" target="1.7" includeantruntime="false" />
		<jar destfile="${swt-release-work}${fs}lib${fs}${swt-jar}">
			<fileset dir="${swt-release-work}${fs}bin" excludes="**/demos/**" />
			<manifest />
		</jar>
		<jar destfile="${swt-release-work}${fs}lib${fs}${swt-jar}" update="true">
			<fileset dir="${swt-release-work}${fs}src" excludes="**/demos/**" />
			<manifest />
		</jar>
		<jar destfile="${swt-release-work}${fs}lib${fs}${swt-demos-jar}">
			<fileset dir="${swt-release-work}${fs}bin" includes="**/demos/**" />
			<manifest />
		</jar>
		<jar destfile="${swt-release-work}${fs}lib${fs}${swt-demos-jar}" update="true">
			<fileset dir="${swt-release-work}${fs}src" includes="**/demos/**" />
			<manifest />
		</jar>
		<delete quiet="true" dir="${swt-release-work}${fs}bin" />

		<javadoc access="public" destdir="${swt-release-work}${fs}/javadoc" classpath="${org.eclipse.swt-jar}" source="1.7" sourcepath="${swt-release-work}${fs}src" Overview="${core-lib}${fs}javadoc-overview.html" excludepackagenames="**.demos" notree="true" nodeprecatedlist="true" />

		<zip destfile="${swt-release}${fs}timingframework-swt-${release-version}.zip" basedir="${swt-release-work}" />
	</target>
</project>
